<?xml version="1.0" encoding="UTF-8" standalone="no" ?>
<application xmlns="http://ns.adobe.com/air/application/22.0">
  <id>SREE</id>
  <versionNumber>1.0</versionNumber>
  <filename>SREE HTML VIEWER</filename>
  <description>Thumb Image HTML Viewer</description>
<!-- To localize the description, use the following format for the description element.<description><text xml:lang="en">English App description goes here</text><text xml:lang="fr">French App description goes here</text><text xml:lang="ja">Japanese App description goes here</text></description>-->
  <name>SREE HTML VIEWER</name>
<!-- To localize the name, use the following format for the name element.<name><text xml:lang="en">English App name goes here</text><text xml:lang="fr">French App name goes here</text><text xml:lang="ja">Japanese App name goes here</text></name>-->
  <copyright>sreeksleo@gmail.com</copyright>
  <initialWindow>
    <content>sree.swf</content>
    <systemChrome>none</systemChrome>
    <transparent>false</transparent>
    <visible>true</visible>
    <fullScreen>false</fullScreen>
    <aspectRatio>portrait</aspectRatio>
    <renderMode>auto</renderMode>
    <maximizable>true</maximizable>
    <minimizable>true</minimizable>
    <resizable>true</resizable>
  </initialWindow>
  <icon>
    <image16x16>icons/16.png</image16x16>
    <image32x32>icons/32.png</image32x32>
  </icon>
  <customUpdateUI>false</customUpdateUI>
  <allowBrowserInvocation>false</allowBrowserInvocation>
  <supportedProfiles>desktop extendedDesktop </supportedProfiles>
</application>
